Gallegos Ltd,Lori.Hughes@mailinator.com
Diaz Inc,Logan.Arellano@mailinator.com
Hayden-Bradford,Maria.Goodman@mailinator.com
Lyons Group,Joseph.Wallace@mailinator.com
Baldwin-Goodman,Laura.Johnson@mailinator.com
Jackson PLC,Joshua.Prince@mailinator.com
Caldwell Group,Rachel.Barnes@mailinator.com
Nelson LLC,Jeffrey.Page@mailinator.com
Graham Inc,Sherry.Pena@mailinator.com
Boyd Group,Donald.Benson@mailinator.com
"Wilson, Harris and Terry",Adam.Jones@mailinator.com
"Knapp, Yoder and Byrd",Paige.Hatfield@mailinator.com
Carter-Roman,April.Mack@mailinator.com
